"pattern","status","unlocked_by","wordle_number"
"XXXXX","unlocked","tb","1880"
"XXXXY","locked","",""
"XXXXG","unlocked","tb","1883"
"XXXYX","unlocked","Martini","1879"
"XXXYY","locked","",""
"XXXYG","unlocked","Martini","1879"
"XXXGX","unlocked","tb","1879"
"XXXGY","locked","",""
"XXXGG","unlocked","tb","1879"
"XXYXX","unlocked","tb","1884"
"XXYXY","locked","",""
"XXYXG","locked","",""
"XXYYX","locked","",""
"XXYYY","unlocked","Marty","1880"
"XXYYG","locked","",""
"XXYGX","locked","",""
"XXYGY","locked","",""
"XXYGG","locked","",""
"XXGXX","unlocked","Marty","1883"
"XXGXY","locked","",""
"XXGXG","unlocked","tb","1885"
"XXGYX","locked","",""
"XXGYY","locked","",""
"XXGYG","unlocked","tb","1883"
"XXGGX","locked","",""
"XXGGY","locked","",""
"XXGGG","unlocked","Martini","1879"
"XYXXX","unlocked","tb","1884"
"XYXXY","unlocked","tb","1882"
"XYXXG","locked","",""
"XYXYX","locked","",""
"XYXYY","locked","",""
"XYXYG","locked","",""
"XYXGX","locked","",""
"XYXGY","locked","",""
"XYXGG","locked","",""
"XYYXX","locked","",""
"XYYXY","locked","",""
"XYYXG","locked","",""
"XYYYX","locked","",""
"XYYYY","locked","",""
"XYYYG","locked","",""
"XYYGX","locked","",""
"XYYGY","locked","",""
"XYYGG","locked","",""
"XYGXX","unlocked","tb","1887"
"XYGXY","unlocked","Marty","1883"
"XYGXG","unlocked","tb","1883"
"XYGYX","locked","",""
"XYGYY","locked","",""
"XYGYG","locked","",""
"XYGGX","locked","",""
"XYGGY","locked","",""
"XYGGG","locked","",""
"XGXXX","unlocked","Marty","1881"
"XGXXY","locked","",""
"XGXXG","unlocked","Marty","1887"
"XGXYX","locked","",""
"XGXYY","locked","",""
"XGXYG","locked","",""
"XGXGX","locked","",""
"XGXGY","locked","",""
"XGXGG","locked","",""
"XGYXX","locked","",""
"XGYXY","locked","",""
"XGYXG","locked","",""
"XGYYX","locked","",""
"XGYYY","locked","",""
"XGYYG","locked","",""
"XGYGX","locked","",""
"XGYGY","locked","",""
"XGYGG","locked","",""
"XGGXX","unlocked","tb","1880"
"XGGXY","locked","",""
"XGGXG","locked","",""
"XGGYX","locked","",""
"XGGYY","locked","",""
"XGGYG","unlocked","tb","1885"
"XGGGX","locked","",""
"XGGGY","locked","",""
"XGGGG","unlocked","tb","1880"
"YXXXX","unlocked","tb","1879"
"YXXXY","locked","",""
"YXXXG","locked","",""
"YXXYX","unlocked","Martini","1879"
"YXXYY","locked","",""
"YXXYG","locked","",""
"YXXGX","locked","",""
"YXXGY","locked","",""
"YXXGG","locked","",""
"YXYXX","locked","",""
"YXYXY","unlocked","Marty","1884"
"YXYXG","locked","",""
"YXYYX","locked","",""
"YXYYY","locked","",""
"YXYYG","locked","",""
"YXYGX","locked","",""
"YXYGY","locked","",""
"YXYGG","locked","",""
"YXGXX","locked","",""
"YXGXY","locked","",""
"YXGXG","locked","",""
"YXGYX","locked","",""
"YXGYY","locked","",""
"YXGYG","locked","",""
"YXGGX","locked","",""
"YXGGY","locked","",""
"YXGGG","locked","",""
"YYXXX","locked","",""
"YYXXY","locked","",""
"YYXXG","locked","",""
"YYXYX","locked","",""
"YYXYY","locked","",""
"YYXYG","locked","",""
"YYXGX","locked","",""
"YYXGY","locked","",""
"YYXGG","locked","",""
"YYYXX","locked","",""
"YYYXY","unlocked","Marty","1884"
"YYYXG","locked","",""
"YYYYX","unlocked","barney buttloaves","1881"
"YYYYY","unlocked","Marty","1884"
"YYYYG","locked","",""
"YYYGX","locked","",""
"YYYGY","locked","",""
"YYYGG","locked","",""
"YYGXX","locked","",""
"YYGXY","locked","",""
"YYGXG","locked","",""
"YYGYX","locked","",""
"YYGYY","locked","",""
"YYGYG","locked","",""
"YYGGX","locked","",""
"YYGGY","locked","",""
"YYGGG","locked","",""
"YGXXX","locked","",""
"YGXXY","unlocked","Marty","1885"
"YGXXG","locked","",""
"YGXYX","locked","",""
"YGXYY","locked","",""
"YGXYG","locked","",""
"YGXGX","locked","",""
"YGXGY","locked","",""
"YGXGG","locked","",""
"YGYXX","locked","",""
"YGYXY","locked","",""
"YGYXG","locked","",""
"YGYYX","locked","",""
"YGYYY","locked","",""
"YGYYG","locked","",""
"YGYGX","locked","",""
"YGYGY","locked","",""
"YGYGG","locked","",""
"YGGXX","locked","",""
"YGGXY","locked","",""
"YGGXG","locked","",""
"YGGYX","locked","",""
"YGGYY","locked","",""
"YGGYG","locked","",""
"YGGGX","locked","",""
"YGGGY","locked","",""
"YGGGG","locked","",""
"GXXXX","locked","",""
"GXXXY","locked","",""
"GXXXG","locked","",""
"GXXYX","locked","",""
"GXXYY","locked","",""
"GXXYG","locked","",""
"GXXGX","unlocked","tb","1884"
"GXXGY","locked","",""
"GXXGG","locked","",""
"GXYXX","locked","",""
"GXYXY","locked","",""
"GXYXG","locked","",""
"GXYYX","locked","",""
"GXYYY","locked","",""
"GXYYG","locked","",""
"GXYGX","locked","",""
"GXYGY","locked","",""
"GXYGG","locked","",""
"GXGXX","locked","",""
"GXGXY","locked","",""
"GXGXG","locked","",""
"GXGYX","locked","",""
"GXGYY","locked","",""
"GXGYG","locked","",""
"GXGGX","unlocked","tb","1887"
"GXGGY","locked","",""
"GXGGG","unlocked","tb","1882"
"GYXXX","locked","",""
"GYXXY","locked","",""
"GYXXG","locked","",""
"GYXYX","locked","",""
"GYXYY","locked","",""
"GYXYG","locked","",""
"GYXGX","locked","",""
"GYXGY","locked","",""
"GYXGG","locked","",""
"GYYXX","locked","",""
"GYYXY","locked","",""
"GYYXG","locked","",""
"GYYYX","locked","",""
"GYYYY","locked","",""
"GYYYG","locked","",""
"GYYGX","locked","",""
"GYYGY","locked","",""
"GYYGG","locked","",""
"GYGXX","locked","",""
"GYGXY","locked","",""
"GYGXG","locked","",""
"GYGYX","locked","",""
"GYGYY","locked","",""
"GYGYG","locked","",""
"GYGGX","locked","",""
"GYGGY","unlocked","tb","1886"
"GYGGG","locked","",""
"GGXXX","unlocked","Marty","1881"
"GGXXY","locked","",""
"GGXXG","locked","",""
"GGXYX","unlocked","Marty","1881"
"GGXYY","locked","",""
"GGXYG","locked","",""
"GGXGX","locked","",""
"GGXGY","locked","",""
"GGXGG","locked","",""
"GGYXX","locked","",""
"GGYXY","locked","",""
"GGYXG","locked","",""
"GGYYX","locked","",""
"GGYYY","locked","",""
"GGYYG","locked","",""
"GGYGX","locked","",""
"GGYGY","locked","",""
"GGYGG","locked","",""
"GGGXX","unlocked","Marty","1881"
"GGGXY","locked","",""
"GGGXG","unlocked","tb","1885"
"GGGYX","locked","",""
"GGGYY","locked","",""
"GGGYG","locked","",""
"GGGGX","unlocked","Marty","1881"
"GGGGY","locked","",""
"GGGGG","unlocked","Martini","1879"
